Sveitarfélag,Tegundlóða,Lóðasvæði,Staða,Athugasemdir,Smásvæði,2023,2024,2025,2026,2027,2028,2029,2030,2031,2032,2033,Samtals
Reykjavíkurborg,Fjölbýli,Borgartún 34-36,Byggingarhæf lóð,,20.0,0.0,0.0,51.0,51.0,0.0,0.0,0.0,0.0,0.0,0.0,0.0,102.0
Reykjavíkurborg,Fjölbýli,Breiðholt - Suðurfell,Þróunar- og framtíðarsvæði,Skipulagsferli - tillaga í vinnslu,35.0,0.0,0.0,125.0,0.0,0.0,0.0,0.0,0.0,0.0,0.0,0.0,125.0
Reykjavíkurborg,Fjölbýli,Guðrúnartún,Þróunar- og framtíðarsvæði,Þróunarsvæði,20.0,0.0,0.0,0.0,0.0,0.0,0.0,0.0,0.0,0.0,100.0,100.0,200.0
Reykjavíkurborg,Fjölbýli,Heklureitur - Laugavegur 168,Byggingarhæf lóð,Í byggingu,18.0,80.0,0.0,0.0,0.0,0.0,0.0,0.0,0.0,0.0,0.0,0.0,80.0
Reykjavíkurborg,Fjölbýli,Laugardalur - Borgartún 41,Byggingarhæf lóð,Í byggingu,22.0,115.0,0.0,0.0,0.0,0.0,0.0,0.0,0.0,0.0,0.0,0.0,115.0
Reykjavíkurborg,Fjölbýli,Miðborg - annað,Samþykkt deiliskipulag,"Hluti er byggingarhæft, hluti í samþykktu deiliskipulagi, hluti í skipulagsferli - forvinnu",13.0,0.0,0.0,0.0,0.0,0.0,30.0,20.0,0.0,0.0,0.0,0.0,50.0
Reykjavíkurborg,Fjölbýli,Múlar - Lágmúli 2,Þróunar- og framtíðarsvæði,Skipulagsferli - forvinna,34.0,0.0,0.0,100.0,0.0,0.0,0.0,0.0,0.0,0.0,0.0,0.0,100.0
Reykjavíkurborg,Fjölbýli,Safamýri - íþróttasvæði,Þróunar- og framtíðarsvæði,Þróunarreitur,33.0,0.0,0.0,0.0,0.0,200.0,0.0,0.0,0.0,0.0,0.0,0.0,200.0
Reykjavíkurborg,Fjölbýli,Vogabyggð I - Stefnisvogur 24,Byggingarhæf lóð,,26.0,0.0,70.0,0.0,0.0,0.0,0.0,0.0,0.0,0.0,0.0,0.0,70.0
Reykjavíkurborg,Fjölbýli,Árbær,Þróunar- og framtíðarsvæði,Hverfisskipulag,48.0,0.0,26.0,42.0,42.0,20.0,20.0,20.0,20.0,20.0,20.0,20.0,250.0
Reykjavíkurborg,Fjölbýli,Ártúnshöfði I - Krossamýrartorg - Lóð 9a,Samþykkt deiliskipulag,Óbyggingarhæf lóð - innviðir,186.0,0.0,0.0,0.0,10.0,0.0,0.0,0.0,0.0,0.0,0.0,0.0,10.0
Reykjavíkurborg,Fjölbýli,"Hlíðar (Bolholt 5, Brautarholt 16, Laugavegur 105 o.fl.)",Byggingarhæf lóð,"Að hluta byggingarhæft, annað á þróunarstigi",19.0,0.0,18.0,18.0,18.0,18.0,18.0,18.0,18.0,18.0,18.0,18.0,180.0
Reykjavíkurborg,Fjölbýli,Laugardalur - Laugavegur 159,Samþykkt deiliskipulag,-,20.0,0.0,8.0,0.0,0.0,0.0,0.0,0.0,0.0,0.0,0.0,0.0,8.0
Reykjavíkurborg,Fjölbýli,U-reitur,Þróunar- og framtíðarsvæði,Þróunarreitur,,0.0,0.0,0.0,200.0,0.0,0.0,0.0,0.0,0.0,0.0,0.0,200.0
Reykjavíkurborg,Fjölbýli,Loftleiðasvæði,Þróunar- og framtíðarsvæði,Í deiliskipulagsferli - forvinnu,11.0,0.0,0.0,0.0,0.0,100.0,100.0,100.0,100.0,0.0,0.0,0.0,400.0
Reykjavíkurborg,Fjölbýli,Breiðholt - Rangársel,Þróunar- og framtíðarsvæði,Þróunarsvæði,42.0,0.0,0.0,0.0,0.0,0.0,0.0,100.0,0.0,0.0,0.0,0.0,100.0
Reykjavíkurborg,Fjölbýli,Breiðholt - Suðurhólar,Þróunar- og framtíðarsvæði,Framtíðarsvæði,39.0,0.0,0.0,0.0,0.0,50.0,0.0,0.0,0.0,0.0,0.0,0.0,50.0
Reykjavíkurborg,Fjölbýli,Bryggjuhverfi III -  Gjúkabryggja 10,Byggingarhæf lóð,Í byggingu,186.0,103.0,0.0,0.0,0.0,0.0,0.0,0.0,0.0,0.0,0.0,0.0,103.0
Reykjavíkurborg,Fjölbýli,Gufunes I,Byggingarhæf lóð,Þróunarreitur,53.0,0.0,100.0,100.0,50.0,35.0,35.0,35.0,35.0,35.0,35.0,40.0,500.0
Reykjavíkurborg,Fjölbýli,Háskóli Íslands,Þróunar- og framtíðarsvæði,Þróunarsvæði,11.0,0.0,0.0,50.0,50.0,50.0,75.0,75.0,75.0,75.0,0.0,0.0,450.0
Reykjavíkurborg,Fjölbýli,Laugardalur - Hólmasund v/Holtaveg - Þróttaraheimili,Þróunar- og framtíðarsvæði,Þróunarreitur,26.0,0.0,0.0,0.0,50.0,0.0,0.0,0.0,0.0,0.0,0.0,0.0,50.0
Reykjavíkurborg,Fjölbýli,Laugardalur - Álfheimar 49,Þróunar- og framtíðarsvæði,Skipulagsferli - forvinna,24.0,0.0,0.0,0.0,50.0,0.0,0.0,0.0,0.0,0.0,0.0,0.0,50.0
Reykjavíkurborg,Fjölbýli,Múlar - Síðumúli,Þróunar- og framtíðarsvæði,Framtíðarsvæði,34.0,0.0,0.0,0.0,0.0,0.0,0.0,0.0,100.0,0.0,0.0,0.0,100.0
Reykjavíkurborg,Fjölbýli,"Vesturbær (Vesturbugt, Meistaravellir, JL, Bræðraborgarstígur, Ægissíða 102B, Landhelgisgæslan, annað)",Þróunar- og framtíðarsvæði,Hluti svæða kominn í deiliskipulagsferli - forvinnu,176.0,0.0,0.0,60.0,60.0,60.0,60.0,60.0,60.0,60.0,60.0,60.0,540.0
Reykjavíkurborg,Fjölbýli,Miðborg - Norðurstígur 5,Byggingarhæf lóð,Í byggingu,4.0,3.0,0.0,0.0,0.0,0.0,0.0,0.0,0.0,0.0,0.0,0.0,3.0
Reykjavíkurborg,Fjölbýli,Vesturbær - Héðinsreitur,Byggingarhæf lóð,-,4.0,0.0,60.0,0.0,0.0,0.0,0.0,0.0,0.0,0.0,0.0,0.0,60.0
Reykjavíkurborg,Einbýli,Grafarholt-Úlfarsárdalur - Gerðarbrunnur 7,Byggingarhæf lóð,Í byggingu,192.0,1.0,0.0,0.0,0.0,0.0,0.0,0.0,0.0,0.0,0.0,0.0,1.0
Reykjavíkurborg,Parhús/raðhús/tvíbýli,Úlfarsárdalur - Iðunnarbrunnur 15,Byggingarhæf lóð,Í byggingu,192.0,2.0,0.0,0.0,0.0,0.0,0.0,0.0,0.0,0.0,0.0,0.0,2.0
Reykjavíkurborg,Fjölbýli,Hlíðar - Brautarholt 6,Byggingarhæf lóð,Í byggingu - breytingar,19.0,5.0,0.0,0.0,0.0,0.0,0.0,0.0,0.0,0.0,0.0,0.0,5.0
Reykjavíkurborg,Fjölbýli,Hlíðar - Grettisgata 87,Þróunar- og framtíðarsvæði,Þróunarsvæði,19.0,0.0,0.0,0.0,0.0,0.0,0.0,25.0,25.0,0.0,0.0,0.0,50.0
Reykjavíkurborg,Fjölbýli,Laugavegur - Þjóðskjalasafn o.fl.,Þróunar- og framtíðarsvæði,Þróunarsvæði,19.0,0.0,0.0,0.0,0.0,0.0,0.0,0.0,0.0,100.0,100.0,0.0,200.0
Reykjavíkurborg,Fjölbýli,Ártúnshöfði I - Breiðhöfði 27 (Lóð 11),Þróunar- og framtíðarsvæði,Skipulagsferli - tillaga í vinnslu,186.0,0.0,0.0,0.0,60.0,0.0,0.0,0.0,0.0,0.0,0.0,0.0,60.0
Reykjavíkurborg,Fjölbýli,Ártúnshöfði I - Krossamýrartorg - Breiðhöfði 9,Byggingarhæf lóð,-,186.0,0.0,50.0,0.0,0.0,0.0,0.0,0.0,0.0,0.0,0.0,0.0,50.0
Reykjavíkurborg,Fjölbýli,Ártúnshöfði I - Krossamýrartorg - Lóð 5,Samþykkt deiliskipulag,Óbyggingarhæf lóð - innviðir,186.0,0.0,0.0,105.0,0.0,0.0,0.0,0.0,0.0,0.0,0.0,0.0,105.0
Reykjavíkurborg,Fjölbýli,Ártúnshöfði I - Krossamýrartorg - Lóð 6,Samþykkt deiliskipulag,Óbyggingarhæf lóð - innviðir,186.0,0.0,0.0,120.0,0.0,0.0,0.0,0.0,0.0,0.0,0.0,0.0,120.0
Reykjavíkurborg,Fjölbýli,Aðrar lóðir - óstaðsettar,Þróunar- og framtíðarsvæði,Þróunarreitur,,0.0,0.0,0.0,0.0,300.0,300.0,300.0,300.0,300.0,300.0,300.0,2100.0
Reykjavíkurborg,Fjölbýli,Hlíðarendi - Haukahlíð 4,Byggingarhæf lóð,,11.0,0.0,92.0,93.0,0.0,0.0,0.0,0.0,0.0,0.0,0.0,0.0,185.0
Reykjavíkurborg,Einbýli,Grafarholt-Úlfarsárdalur - Haukdælabraut 42,Byggingarhæf lóð,Í byggingu,60.0,1.0,0.0,0.0,0.0,0.0,0.0,0.0,0.0,0.0,0.0,0.0,1.0
Reykjavíkurborg,Parhús/raðhús/tvíbýli,Háaleiti og Bústaðir - Lautarvegur 36,Byggingarhæf lóð,Í byggingu,28.0,1.0,0.0,0.0,0.0,0.0,0.0,0.0,0.0,0.0,0.0,0.0,1.0
Reykjavíkurborg,Fjölbýli,Breiðholt - Mið Mjódd,Þróunar- og framtíðarsvæði,Þróunarsvæði,43.0,0.0,0.0,0.0,0.0,0.0,0.0,0.0,100.0,100.0,100.0,100.0,400.0
Reykjavíkurborg,Fjölbýli,Hlíðarendi - Haukahlíð 6 - Bjarg,Byggingarhæf lóð,,11.0,0.0,83.0,0.0,0.0,0.0,0.0,0.0,0.0,0.0,0.0,0.0,83.0
Reykjavíkurborg,Fjölbýli,Hlíðarendi - Lóð J,Þróunar- og framtíðarsvæði,Skipulagsferli - forvinna,11.0,0.0,0.0,0.0,50.0,50.0,50.0,0.0,0.0,0.0,0.0,0.0,150.0
Reykjavíkurborg,Fjölbýli,Laugardalur - Suðurlandsbraut,Þróunar- og framtíðarsvæði,Þróunarreitur,,0.0,0.0,0.0,50.0,50.0,0.0,0.0,0.0,0.0,0.0,0.0,100.0
Reykjavíkurborg,Fjölbýli,Sjómannaskólareitur,Byggingarhæf lóð,Þróunarreitur,18.0,0.0,60.0,0.0,0.0,0.0,0.0,0.0,0.0,0.0,0.0,0.0,60.0
Reykjavíkurborg,Fjölbýli,Ártúnshöfði I - Krossamýrartorg - Breiðhöfði (Lóð 3 - Klasi),Byggingarhæf lóð,-,186.0,0.0,140.0,0.0,0.0,0.0,0.0,0.0,0.0,0.0,0.0,0.0,140.0
Reykjavíkurborg,Fjölbýli,Ártúnshöfði I - Krossamýrartorg - Lóð 10a,Samþykkt deiliskipulag,Óbyggingarhæf lóð - innviðir,186.0,0.0,0.0,0.0,0.0,90.0,0.0,0.0,0.0,0.0,0.0,0.0,90.0
Reykjavíkurborg,Fjölbýli,Ártúnshöfði I - Krossamýrartorg - Lóð 10b og 10c,Þróunar- og framtíðarsvæði,Þróunarsvæði,186.0,0.0,0.0,0.0,0.0,0.0,200.0,0.0,0.0,0.0,0.0,0.0,200.0
Reykjavíkurborg,Fjölbýli,Ártúnshöfði I - Krossamýrartorg - Stálhöfði 2,Byggingarhæf lóð,-,186.0,0.0,145.0,0.0,0.0,0.0,0.0,0.0,0.0,0.0,0.0,0.0,145.0
Reykjavíkurborg,Fjölbýli,Breiðholt - Jórufell,Þróunar- og framtíðarsvæði,Þróunarreitur,37.0,0.0,0.0,0.0,0.0,100.0,0.0,0.0,0.0,0.0,0.0,0.0,100.0
Reykjavíkurborg,Fjölbýli,Orkureitur,Byggingarhæf lóð,Uppbygging hafin,34.0,0.0,133.0,106.0,113.0,0.0,0.0,0.0,0.0,0.0,0.0,0.0,352.0
Reykjavíkurborg,Fjölbýli,Vogabyggð III,Byggingarhæf lóð,Atvinnuhúsnæði í íbúðir,26.0,0.0,15.0,15.0,15.0,15.0,15.0,15.0,15.0,15.0,15.0,15.0,150.0
Reykjavíkurborg,Einbýli,Úlfarsárdalur - Gerðarbrunnur 9,Byggingarhæf lóð,Í byggingu,192.0,1.0,0.0,0.0,0.0,0.0,0.0,0.0,0.0,0.0,0.0,0.0,1.0
Reykjavíkurborg,Fjölbýli,Grafarvogur,Þróunar- og framtíðarsvæði,"Hluti er í skipulagsferli - forvinna, annað í hverfisskipulagi",,0.0,0.0,100.0,0.0,0.0,0.0,0.0,0.0,0.0,50.0,50.0,200.0
Reykjavíkurborg,Fjölbýli,Kringlan - I,Þróunar- og framtíðarsvæði,Deiliskipulag - forvinna,,0.0,0.0,185.0,185.0,0.0,0.0,0.0,0.0,0.0,0.0,0.0,370.0
Reykjavíkurborg,Fjölbýli,Laugardalur - Lögreglureitur,Þróunar- og framtíðarsvæði,Ríkið - björgunarmiðstöð,,0.0,0.0,0.0,0.0,0.0,0.0,0.0,0.0,40.0,30.0,30.0,100.0
Reykjavíkurborg,Fjölbýli,Miðborg - Egilsgata 5,Þróunar- og framtíðarsvæði,Skipulagsferli - forvinna,,0.0,50.0,0.0,0.0,0.0,0.0,0.0,0.0,0.0,0.0,0.0,50.0
Reykjavíkurborg,Fjölbýli,Miðborg - Skúlagata 30,Byggingarhæf lóð,Í byggingu,,19.0,0.0,0.0,0.0,0.0,0.0,0.0,0.0,0.0,0.0,0.0,19.0
Reykjavíkurborg,Fjölbýli,Skeifan,Þróunar- og framtíðarsvæði,Þróunarsvæði,,0.0,0.0,0.0,100.0,100.0,100.0,0.0,0.0,0.0,100.0,100.0,500.0
Reykjavíkurborg,Fjölbýli,Ártúnshöfði I - Krossamýrartorg - Eirhöfði I,Byggingarhæf lóð,Í byggingu,,72.0,0.0,0.0,0.0,0.0,0.0,0.0,0.0,0.0,0.0,0.0,72.0
Reykjavíkurborg,Fjölbýli,Ártúnshöfði I - Krossamýrartorg - Lóð 9b,Samþykkt deiliskipulag,Óbyggingarhæf lóð - innviðir,,0.0,0.0,0.0,150.0,0.0,0.0,0.0,0.0,0.0,0.0,0.0,150.0
Reykjavíkurborg,Fjölbýli,Kirkjusandur  (Kirkjusandur 2 og LHÍ reitur),Byggingarhæf lóð,Rif fyrirhugað á Kirkjusandi 2 - LHÍ til framtíðar og þróunar,,0.0,75.0,75.0,75.0,0.0,0.0,0.0,0.0,75.0,75.0,75.0,450.0
Reykjavíkurborg,Fjölbýli,Miklubrautarstokkur,Þróunar- og framtíðarsvæði,Þróunarreitur,,0.0,0.0,0.0,0.0,0.0,0.0,0.0,290.0,130.0,275.0,0.0,695.0
Reykjavíkurborg,Fjölbýli,Hlíðar - Tryggingastofnun,Þróunar- og framtíðarsvæði,Þróunarsvæði,,0.0,0.0,0.0,0.0,0.0,25.0,25.0,0.0,0.0,0.0,0.0,50.0
Reykjavíkurborg,Fjölbýli,Háaleiti og Bústaðir - Orkureitur,Byggingarhæf lóð,Í byggingu,,69.0,0.0,0.0,0.0,0.0,0.0,0.0,0.0,0.0,0.0,0.0,69.0
Reykjavíkurborg,Fjölbýli,Kjalarnes - Brautarholtsvegur,Þróunar- og framtíðarsvæði,Þróunarreitur,,0.0,0.0,35.0,30.0,16.0,0.0,0.0,0.0,0.0,0.0,0.0,81.0
Reykjavíkurborg,Fjölbýli,Korpureitir,Þróunar- og framtíðarsvæði,Þróunarsvæði,,0.0,0.0,0.0,0.0,115.0,100.0,0.0,0.0,0.0,0.0,0.0,215.0
Reykjavíkurborg,Fjölbýli,Miðborg - Frakkastígur,Byggingarhæf lóð,-,,0.0,20.0,0.0,0.0,0.0,0.0,0.0,0.0,0.0,0.0,0.0,20.0
Reykjavíkurborg,Fjölbýli,"Nauthólsvegur (79, 87 og A reitur Hlíðarenda)",Byggingarhæf lóð,"Nauthólsvegur 79 og 87 byggingarhæfar, A-reitur í deiliskipulagsferli - forvinnu",,0.0,213.0,50.0,50.0,0.0,0.0,0.0,0.0,0.0,0.0,0.0,313.0
Reykjavíkurborg,Fjölbýli,Sigtún,Byggingarhæf lóð,,,0.0,0.0,64.0,0.0,0.0,0.0,0.0,0.0,0.0,0.0,0.0,64.0
Reykjavíkurborg,Fjölbýli,Skerjafjörður II,Þróunar- og framtíðarsvæði,Þróunarreitur,,0.0,0.0,0.0,0.0,0.0,225.0,232.0,168.0,94.0,0.0,0.0,719.0
Reykjavíkurborg,Fjölbýli,Veðurstofuhæð,Þróunar- og framtíðarsvæði,Skipulagsferli - forvinna,,0.0,180.0,0.0,0.0,0.0,0.0,0.0,0.0,0.0,0.0,0.0,180.0
Reykjavíkurborg,Fjölbýli,Ártúnshöfði I - Krossamýrartorg - Breiðhöfði 15 (Lóð 12a),Byggingarhæf lóð,-,,0.0,0.0,111.0,0.0,0.0,0.0,0.0,0.0,0.0,0.0,0.0,111.0
Reykjavíkurborg,Fjölbýli,Ártúnshöfði IV - Bryggjuhverfi III,Samþykkt deiliskipulag,Þróunarreitur,,0.0,103.0,66.0,55.0,112.0,89.0,207.0,0.0,0.0,0.0,98.0,730.0
Reykjavíkurborg,Fjölbýli,Ártúnshöfði VII - Bíldshöfði,Þróunar- og framtíðarsvæði,Skipulagsferli - forvinna,,0.0,0.0,95.0,95.0,95.0,95.0,95.0,0.0,0.0,0.0,0.0,475.0
Reykjavíkurborg,Fjölbýli,Úlfarsárdalur - Leirtjörn vestur,Þróunar- og framtíðarsvæði,Skipulagsferli - í vinnslu,,0.0,0.0,100.0,100.0,100.0,100.0,12.0,0.0,0.0,0.0,0.0,412.0
Reykjavíkurborg,Fjölbýli,Úlfarsárdalur - sunnan Skyggnisbrautar,Byggingarhæf lóð,Lóðir sem eru eftir sunnan Skyggnisbrautar,,0.0,4.0,4.0,4.0,4.0,4.0,3.0,0.0,0.0,0.0,0.0,23.0
Reykjavíkurborg,Fjölbýli,Miðborg - Vatnsstígur,Byggingarhæf lóð,"Niðurrif, flutningur o.fl.",,0.0,12.0,0.0,0.0,0.0,0.0,0.0,0.0,0.0,0.0,0.0,12.0
Reykjavíkurborg,Fjölbýli,Ártúnshöfði I - Krossamýrartorg - Lóð 9c,Samþykkt deiliskipulag,Óbyggingarhæf lóð - innviðir,,0.0,0.0,0.0,0.0,140.0,0.0,0.0,0.0,0.0,0.0,0.0,140.0
Reykjavíkurborg,Fjölbýli,Breiðholt - Norður Mjódd,Þróunar- og framtíðarsvæði,Skipulagsferli - lýsing,,0.0,0.0,100.0,100.0,100.0,100.0,0.0,0.0,0.0,0.0,0.0,400.0
Reykjavíkurborg,Fjölbýli,Gufunes II,Þróunar- og framtíðarsvæði,Skipulagsferli - forvinna,,0.0,0.0,0.0,0.0,50.0,50.0,50.0,50.0,50.0,50.0,50.0,350.0
Reykjavíkurborg,Fjölbýli,Heklureitur - C-E,Byggingarhæf lóð,Byggingarhæf lóð - í bið,,0.0,0.0,0.0,85.0,85.0,85.0,0.0,0.0,0.0,0.0,0.0,255.0
Reykjavíkurborg,Fjölbýli,Kjalarnes - Norðan Brautarholtsvegar,Þróunar- og framtíðarsvæði,Þróunarsvæði,,0.0,0.0,0.0,47.0,30.0,58.0,0.0,0.0,0.0,0.0,0.0,135.0
Reykjavíkurborg,Fjölbýli,Múlar - Ármúli/Suðurlandsbraut,Þróunar- og framtíðarsvæði,Framtíðarsvæði,,0.0,0.0,0.0,100.0,100.0,100.0,100.0,0.0,0.0,0.0,0.0,400.0
Reykjavíkurborg,Fjölbýli,Safamýri 59,Þróunar- og framtíðarsvæði,Skipulagsferli - forvinna,,0.0,48.0,0.0,0.0,0.0,0.0,0.0,0.0,0.0,0.0,0.0,48.0
Reykjavíkurborg,Fjölbýli,Vogabyggð I - Stefnisvogur 1,Byggingarhæf lóð,,,0.0,0.0,0.0,60.0,0.0,0.0,0.0,0.0,0.0,0.0,0.0,60.0
Reykjavíkurborg,Fjölbýli,Ártúnshöfði I - Krossamýrartorg - Lóð 8,Samþykkt deiliskipulag,Óbyggingarhæf lóð - innviðir,,0.0,0.0,0.0,160.0,0.0,0.0,0.0,0.0,0.0,0.0,0.0,160.0
Reykjavíkurborg,Fjölbýli,Úlfarsárdalur - Silfratjörn 1,Byggingarhæf lóð,Í byggingu,,36.0,0.0,0.0,0.0,0.0,0.0,0.0,0.0,0.0,0.0,0.0,36.0
Reykjavíkurborg,Fjölbýli,Ártúnshöfði II - Elliðaárvogur,Þróunar- og framtíðarsvæði,Skipulagsferli - í vinnslu,,0.0,0.0,0.0,229.0,248.0,348.0,337.0,326.0,442.0,0.0,0.0,1930.0
Reykjavíkurborg,Fjölbýli,Borgarspítali +,Þróunar- og framtíðarsvæði,Deiliskipulag - forvinna,,0.0,0.0,85.0,85.0,85.0,0.0,0.0,0.0,0.0,0.0,0.0,255.0
Reykjavíkurborg,Fjölbýli,Breiðholt - Völvufell,Þróunar- og framtíðarsvæði,Skipulagsferli - tillaga í vinnslu,,0.0,0.0,0.0,64.0,80.0,0.0,0.0,0.0,0.0,0.0,0.0,144.0
Reykjavíkurborg,Fjölbýli,Hlíðarendi - Haukahlíð 2,Byggingarhæf lóð,Í byggingu,,72.0,0.0,0.0,0.0,0.0,0.0,0.0,0.0,0.0,0.0,0.0,72.0
Reykjavíkurborg,Fjölbýli,Hátún+,Þróunar- og framtíðarsvæði,Þróunarsvæði,,0.0,0.0,0.0,0.0,0.0,0.0,100.0,100.0,100.0,100.0,0.0,400.0
Reykjavíkurborg,Fjölbýli,Keldur,Þróunar- og framtíðarsvæði,Skipulagsferli - forvinna,,0.0,0.0,0.0,200.0,200.0,200.0,200.0,300.0,300.0,300.0,300.0,2000.0
Reykjavíkurborg,Fjölbýli,Kjalarnes - Jörfagrund,Samþykkt deiliskipulag,,,0.0,0.0,23.0,0.0,0.0,0.0,0.0,0.0,0.0,0.0,0.0,23.0
Reykjavíkurborg,Fjölbýli,Kringlan - II-V,Þróunar- og framtíðarsvæði,Framtíðarsvæði,,0.0,0.0,0.0,0.0,0.0,230.0,100.0,100.0,100.0,100.0,0.0,630.0
Reykjavíkurborg,Fjölbýli,Laugardalur - Laugavegur 157,Byggingarhæf lóð,Byggingarhæf,,0.0,5.0,0.0,0.0,0.0,0.0,0.0,0.0,0.0,0.0,0.0,5.0
Reykjavíkurborg,Fjölbýli,Laugardalur - Sóltún 2-4,Byggingarhæf lóð,Undir lóðarhafa komið hvenær framkvæmdir hefjast,,0.0,0.0,0.0,79.0,0.0,0.0,0.0,0.0,0.0,0.0,0.0,79.0
Reykjavíkurborg,Fjölbýli,Miðborg - Bergstaðastræti 18,Byggingarhæf lóð,Í byggingu - viðbygging,,4.0,0.0,0.0,0.0,0.0,0.0,0.0,0.0,0.0,0.0,0.0,4.0
Reykjavíkurborg,Fjölbýli,Skerjafjörður I,Samþykkt deiliskipulag,Þróunarreitur,,0.0,201.0,210.0,140.0,140.0,0.0,0.0,0.0,0.0,0.0,0.0,691.0
Reykjavíkurborg,Fjölbýli,Vogabyggð I - Stefnisvogur 36,Byggingarhæf lóð,,,0.0,0.0,63.0,0.0,0.0,0.0,0.0,0.0,0.0,0.0,0.0,63.0
Reykjavíkurborg,Fjölbýli,Ártúnshöfði I - Krossamýrartorg - Eirhöfði 7,Byggingarhæf lóð,Í byggingu,,96.0,0.0,0.0,0.0,0.0,0.0,0.0,0.0,0.0,0.0,0.0,96.0
Reykjavíkurborg,Fjölbýli,Breiðholt - Arnarbakki,Samþykkt deiliskipulag,Óbyggingarhæfar lóðir - samningar,,0.0,65.0,25.0,0.0,0.0,0.0,0.0,0.0,0.0,0.0,0.0,90.0
Kópavogsbær,Fjölbýli,"Glaðheimar, vesturhluti",Samþykkt deiliskipulag,,,0.0,0.0,468.0,20.0,12.0,0.0,0.0,0.0,0.0,0.0,0.0,500.0
Kópavogsbær,Fjölbýli,"Auðbrekka, þróunarsvæði",Þróunar- og framtíðarsvæði,,,0.0,100.0,220.0,0.0,0.0,0.0,0.0,0.0,0.0,0.0,0.0,320.0
Kópavogsbær,Fjölbýli,Hafnarbraut 17-23,Byggingarhæf lóð í biðstöðu,Samþykkt deiliskipulag 2018,,92.0,0.0,0.0,0.0,0.0,0.0,0.0,0.0,0.0,0.0,0.0,92.0
Kópavogsbær,Fjölbýli,Vesturvör 22-24,Byggingarhæf lóð í biðstöðu,Samþykkt deiliskipulag 2018,,59.0,0.0,0.0,0.0,0.0,0.0,0.0,0.0,0.0,0.0,0.0,59.0
Kópavogsbær,Fjölbýli,Fannborgarreitur,Samþykkt deiliskipulag,,,0.0,0.0,0.0,270.0,0.0,0.0,0.0,0.0,0.0,0.0,0.0,270.0
Kópavogsbær,Fjölbýli,"Kársnes, þróunarsvæði",Þróunar- og framtíðarsvæði,,,200.0,100.0,100.0,100.0,100.0,100.0,100.0,100.0,0.0,0.0,0.0,900.0
Kópavogsbær,Einbýli,Vatnsendahvarf,Samþykkt deiliskipulag,,,0.0,34.0,0.0,0.0,0.0,0.0,0.0,0.0,0.0,0.0,0.0,34.0
Kópavogsbær,Fjölbýli,Vatnsendahvarf,Samþykkt deiliskipulag,,,0.0,315.0,0.0,0.0,0.0,0.0,0.0,0.0,0.0,0.0,0.0,315.0
Kópavogsbær,Parhús/raðhús/tvíbýli,Vatnsendahlíð,Þróunar- og framtíðarsvæði,,,0.0,0.0,0.0,0.0,0.0,0.0,0.0,400.0,0.0,0.0,0.0,400.0
Kópavogsbær,Fjölbýli,Vatnsendahlíð,Þróunar- og framtíðarsvæði,,,0.0,0.0,0.0,0.0,180.0,0.0,0.0,320.0,0.0,0.0,0.0,500.0
Kópavogsbær,Parhús/raðhús/tvíbýli,Vatnsendahvarf,Samþykkt deiliskipulag,,,0.0,151.0,0.0,0.0,0.0,0.0,0.0,0.0,0.0,0.0,0.0,151.0
Kópavogsbær,Fjölbýli,Traðarreitir vestari,Samþykkt deiliskipulag,,,0.0,0.0,0.0,280.0,0.0,0.0,0.0,0.0,0.0,0.0,0.0,280.0
Garðabær,Parhús/raðhús/tvíbýli,Kumlamýri,Byggingarhæf lóð,,,12.0,12.0,0.0,0.0,0.0,0.0,0.0,0.0,0.0,0.0,0.0,24.0
Garðabær,Einbýli,Hnoðraholt suður einbýli,Þróunar- og framtíðarsvæði,Samkvæmt rammahluta aðalskipulags.,,0.0,0.0,0.0,0.0,0.0,15.0,15.0,0.0,0.0,0.0,0.0,30.0
Garðabær,Parhús/raðhús/tvíbýli,Garðahverfi,Samþykkt deiliskipulag,,,0.0,0.0,0.0,0.0,0.0,18.0,10.0,0.0,0.0,0.0,0.0,28.0
Garðabær,Fjölbýli,Breiðamýri Álftanesi,Byggingarhæf lóð,,,168.0,56.0,28.0,0.0,0.0,0.0,0.0,0.0,0.0,0.0,0.0,252.0
Garðabær,Fjölbýli,"Hnoðraholt norður, Þorraholt",Byggingarhæf lóð,Heimild er fyrir því að byggja 220 íbúðir í dsk. og uppbygging mun dreifast milli áranna 2023- 2026.,,0.0,30.0,100.0,106.0,0.0,0.0,0.0,0.0,0.0,0.0,0.0,236.0
Garðabær,Fjölbýli,Lyngás þróunarsvæði,Þróunar- og framtíðarsvæði,Gildandi aðalskipulag gerir ráð fyrir uppbygigngu 600 nýrra íbúða. Getur breytst verulega.,,0.0,0.0,0.0,0.0,0.0,0.0,0.0,0.0,100.0,100.0,100.0,300.0
Garðabær,Parhús/raðhús/tvíbýli,Víðiholt,Byggingarhæf lóð,Heimild er fyrir því að byggja 50 íbúðir í dsk. og uppbygging mun dreifast milli áranna 2023- 2025.,,10.0,10.0,0.0,0.0,0.0,0.0,0.0,0.0,0.0,0.0,0.0,20.0
Garðabær,Fjölbýli,Eskiás,Byggingarhæf lóð,,,114.0,40.0,44.0,0.0,0.0,0.0,0.0,0.0,0.0,0.0,0.0,198.0
Garðabær,Fjölbýli,Hnoðraholt suður,Þróunar- og framtíðarsvæði,,,0.0,0.0,0.0,0.0,0.0,200.0,200.0,200.0,0.0,0.0,0.0,600.0
Garðabær,Einbýli,Helguvík,Samþykkt deiliskipulag,,,0.0,0.0,0.0,0.0,0.0,24.0,0.0,0.0,0.0,0.0,0.0,24.0
Garðabær,Einbýli,Prýðahverfi-suður,Byggingarhæf lóð,Deiliskipulag síðan 2002,,2.0,18.0,0.0,0.0,0.0,0.0,0.0,0.0,0.0,0.0,0.0,20.0
Garðabær,Fjölbýli,Miðbær Hörgatún,Þróunar- og framtíðarsvæði,,,0.0,0.0,0.0,0.0,30.0,36.0,0.0,0.0,0.0,0.0,0.0,66.0
Garðabær,Fjölbýli,Vetrarmýri,Byggingarhæf lóð,Uppbygging mun dreifast milli áranna 2023- 2028,,100.0,195.0,200.0,200.0,100.0,0.0,0.0,0.0,0.0,0.0,0.0,795.0
Garðabær,Einbýli,Hnoðraholt norður,Byggingarhæf lóð,,,7.0,23.0,0.0,0.0,0.0,0.0,0.0,0.0,0.0,0.0,0.0,30.0
Garðabær,Fjölbýli,Víðiholt,Byggingarhæf lóð,,,25.0,25.0,0.0,0.0,0.0,0.0,0.0,0.0,0.0,0.0,0.0,50.0
Garðabær,Parhús/raðhús/tvíbýli,Hnoðraholt norður,Byggingarhæf lóð,,,21.0,45.0,0.0,0.0,0.0,0.0,0.0,0.0,0.0,0.0,0.0,66.0
Garðabær,Fjölbýli,Arnarland,Þróunar- og framtíðarsvæði,Með fyrirvara um breytingar.,,0.0,0.0,0.0,50.0,150.0,150.0,0.0,0.0,0.0,0.0,0.0,350.0
Garðabær,Fjölbýli,Hnoðraholt norður,Byggingarhæf lóð,,,119.0,60.0,0.0,0.0,0.0,0.0,0.0,0.0,0.0,0.0,0.0,179.0
Garðabær,Einbýli,Norðurnes á Álftanesi,Þróunar- og framtíðarsvæði,,,0.0,0.0,0.0,0.0,0.0,0.0,40.0,34.0,0.0,0.0,0.0,74.0
Garðabær,Fjölbýli,"Urriðaholt, norðurhluti 4",Byggingarhæf lóð,,,150.0,0.0,0.0,0.0,0.0,0.0,0.0,0.0,0.0,0.0,0.0,150.0
Garðabær,Parhús/raðhús/tvíbýli,Krókur,Byggingarhæf lóð,,,0.0,25.0,26.0,0.0,0.0,0.0,0.0,0.0,0.0,0.0,0.0,51.0
Hafnarfjarðarkaupstaður,Einbýli,Hringbraut 54A,Byggingarhæf lóð,,,0.0,1.0,0.0,0.0,0.0,0.0,0.0,0.0,0.0,0.0,0.0,1.0
Hafnarfjarðarkaupstaður,Einbýli,Skarðshlíð,Byggingarhæf lóð,,,0.0,5.0,0.0,0.0,0.0,0.0,0.0,0.0,0.0,0.0,0.0,5.0
Hafnarfjarðarkaupstaður,Parhús/raðhús/tvíbýli,Ásland 4,Byggingarhæf lóð,,,50.0,50.0,50.0,55.0,0.0,0.0,0.0,0.0,0.0,0.0,0.0,205.0
Hafnarfjarðarkaupstaður,Fjölbýli,"Hamranes Þróunarreitir - 2 austursvæði, reitur 19 B, Lifandi byggingar",Byggingarhæf lóð,,,35.0,35.0,0.0,0.0,0.0,0.0,0.0,0.0,0.0,0.0,0.0,70.0
Hafnarfjarðarkaupstaður,Fjölbýli,"Hamranes Þróunarreitir - 3 áfangi, reitur 30 B, ÞG Verktakar",Byggingarhæf lóð,,,0.0,55.0,0.0,0.0,0.0,0.0,0.0,0.0,0.0,0.0,0.0,55.0
Hafnarfjarðarkaupstaður,Fjölbýli,"Hamranes, Verktakablokkir",Byggingarhæf lóð,,,22.0,0.0,0.0,0.0,0.0,0.0,0.0,0.0,0.0,0.0,0.0,22.0
Hafnarfjarðarkaupstaður,Fjölbýli,"Hraun-Vestur, reitur 1",Byggingarhæf lóð,,,0.0,50.0,170.0,100.0,0.0,0.0,0.0,0.0,0.0,0.0,0.0,320.0
Hafnarfjarðarkaupstaður,Fjölbýli,Hafnarsvæði -Hvaleyrarbraut 26-30,Þróunar- og framtíðarsvæði,,,0.0,0.0,70.0,71.0,0.0,0.0,0.0,0.0,0.0,0.0,0.0,141.0
Hafnarfjarðarkaupstaður,Einbýli,Ásland 4,Byggingarhæf lóð,,,0.0,65.0,80.0,80.0,0.0,0.0,0.0,0.0,0.0,0.0,0.0,225.0
Hafnarfjarðarkaupstaður,Fjölbýli,"Hamranes Þróunarreitir - 3 áfangi, reitur 27 B, Lindarbyggð/MótX",Byggingarhæf lóð,,,0.0,45.0,0.0,0.0,0.0,0.0,0.0,0.0,0.0,0.0,0.0,45.0
Hafnarfjarðarkaupstaður,Fjölbýli,Hrafnista- Hraunvangur,Þróunar- og framtíðarsvæði,,,0.0,0.0,0.0,0.0,100.0,0.0,0.0,0.0,0.0,0.0,0.0,100.0
Hafnarfjarðarkaupstaður,Fjölbýli,Suðurgata 44,Samþykkt deiliskipulag,,,0.0,0.0,15.0,0.0,0.0,0.0,0.0,0.0,0.0,0.0,0.0,15.0
Hafnarfjarðarkaupstaður,Parhús/raðhús/tvíbýli,"Hjallabraut, raðhús",Byggingarhæf lóð,,,7.0,0.0,0.0,0.0,0.0,0.0,0.0,0.0,0.0,0.0,0.0,7.0
Hafnarfjarðarkaupstaður,Fjölbýli,"Hamranes Þróunarreitir - 1 vestursvæði, reitur 7A, XP3 ehf.",Byggingarhæf lóð,,,123.0,0.0,0.0,0.0,0.0,0.0,0.0,0.0,0.0,0.0,0.0,123.0
Hafnarfjarðarkaupstaður,Einbýli,"Hjallabraut, einbýli",Byggingarhæf lóð,,,3.0,0.0,0.0,0.0,0.0,0.0,0.0,0.0,0.0,0.0,0.0,3.0
Hafnarfjarðarkaupstaður,Parhús/raðhús/tvíbýli,Skarðshlíð,Byggingarhæf lóð,,,0.0,15.0,0.0,0.0,0.0,0.0,0.0,0.0,0.0,0.0,0.0,15.0
Hafnarfjarðarkaupstaður,Fjölbýli,"Hamranes Þróunarreitir - 1 vestursvæði, reitur 1A og 2A, Varmárbyggð",Byggingarhæf lóð,,,75.0,0.0,0.0,0.0,0.0,0.0,0.0,0.0,0.0,0.0,0.0,75.0
Hafnarfjarðarkaupstaður,Fjölbýli,"Hamranes Þróunarreitir - 1 vestursvæði, reitur 3A, Skuggi 6",Byggingarhæf lóð,,,80.0,0.0,0.0,0.0,0.0,0.0,0.0,0.0,0.0,0.0,0.0,80.0
Hafnarfjarðarkaupstaður,Fjölbýli,"Hamranes Þróunarreitir - 1 vestursvæði, reitur 9A, Hamravellir",Byggingarhæf lóð,,,25.0,55.0,0.0,0.0,0.0,0.0,0.0,0.0,0.0,0.0,0.0,80.0
Hafnarfjarðarkaupstaður,Einbýli,Vatnshlíð,Þróunar- og framtíðarsvæði,,,0.0,0.0,0.0,0.0,30.0,30.0,40.0,40.0,0.0,0.0,0.0,140.0
Hafnarfjarðarkaupstaður,Fjölbýli,Hafnarsvæði - Flensborgarhöfn,Þróunar- og framtíðarsvæði,,,0.0,0.0,50.0,80.0,0.0,0.0,0.0,0.0,0.0,0.0,0.0,130.0
Hafnarfjarðarkaupstaður,Fjölbýli,"Hamranes Þróunarreitir - 2 austursvæði, reitur 25 B, Hamranesbyggingar ehf.",Byggingarhæf lóð,,,45.0,0.0,0.0,0.0,0.0,0.0,0.0,0.0,0.0,0.0,0.0,45.0
Hafnarfjarðarkaupstaður,Fjölbýli,Hafnarsvæði - Hvaleyrarbraut 20-24,Þróunar- og framtíðarsvæði,,,0.0,0.0,50.0,50.0,50.0,0.0,0.0,0.0,0.0,0.0,0.0,150.0
Hafnarfjarðarkaupstaður,Fjölbýli,"Hamranes Þróunarreitir - 2 austursvæði, reitur 20 B, Þingvangur ehf.",Byggingarhæf lóð,,,47.0,23.0,0.0,0.0,0.0,0.0,0.0,0.0,0.0,0.0,0.0,70.0
Hafnarfjarðarkaupstaður,Fjölbýli,"Hamranes Þróunarreitir - 2 austursvæði, reitur 21 B, Byggingarfélag Hafnarfjarðar/MótX",Byggingarhæf lóð,,,33.0,53.0,0.0,0.0,0.0,0.0,0.0,0.0,0.0,0.0,0.0,86.0
Hafnarfjarðarkaupstaður,Fjölbýli,"Hamranes Þróunarreitir - 3 áfangi, reitur 29 B, BYGG",Byggingarhæf lóð,,,23.0,22.0,0.0,0.0,0.0,0.0,0.0,0.0,0.0,0.0,0.0,45.0
Hafnarfjarðarkaupstaður,Fjölbýli,"Hamranes Þróunarreitir - 3 áfangi, reitur 31 C, Skuggi 6",Byggingarhæf lóð,,,28.0,27.0,0.0,0.0,0.0,0.0,0.0,0.0,0.0,0.0,0.0,55.0
Hafnarfjarðarkaupstaður,Fjölbýli,"Hamranes Þróunarreitir - 3 áfangi, reitur 32 C,",Þróunar- og framtíðarsvæði,,,0.0,27.0,28.0,0.0,0.0,0.0,0.0,0.0,0.0,0.0,0.0,55.0
Hafnarfjarðarkaupstaður,Fjölbýli,"Hamranes Þróunarreitir - 3 áfangi, reitur 33 C, Flotgólf",Byggingarhæf lóð,,,0.0,55.0,0.0,0.0,0.0,0.0,0.0,0.0,0.0,0.0,0.0,55.0
Hafnarfjarðarkaupstaður,Fjölbýli,"Hraun-Vestur, næstu hverfi",Þróunar- og framtíðarsvæði,,,0.0,0.0,0.0,250.0,250.0,250.0,250.0,200.0,200.0,200.0,200.0,1800.0
Hafnarfjarðarkaupstaður,Fjölbýli,Stekkjarberg 11,Byggingarhæf lóð,,,0.0,26.0,0.0,0.0,0.0,0.0,0.0,0.0,0.0,0.0,0.0,26.0
Hafnarfjarðarkaupstaður,Parhús/raðhús/tvíbýli,"Hlíðarbraut, parhús",Byggingarhæf lóð,,,4.0,0.0,0.0,0.0,0.0,0.0,0.0,0.0,0.0,0.0,0.0,4.0
Hafnarfjarðarkaupstaður,Einbýli,Setberg - Norðuröxl Fjárhúsholt,Samþykkt deiliskipulag,,,0.0,0.0,0.0,0.0,26.0,0.0,0.0,0.0,0.0,0.0,0.0,26.0
Hafnarfjarðarkaupstaður,Fjölbýli,"Hamranes Þróunarreitir - 3 áfangi, reitur 26 B Ístak",Byggingarhæf lóð,,,0.0,48.0,0.0,0.0,0.0,0.0,0.0,0.0,0.0,0.0,0.0,48.0
Hafnarfjarðarkaupstaður,Fjölbýli,Hamranes þróunarreitir - Reitur 6A Þarfaþing,Byggingarhæf lóð,,,0.0,40.0,0.0,0.0,0.0,0.0,0.0,0.0,0.0,0.0,0.0,40.0
Hafnarfjarðarkaupstaður,Parhús/raðhús/tvíbýli,Vatnshlíð,Þróunar- og framtíðarsvæði,,,0.0,0.0,0.0,45.0,45.0,45.0,60.0,60.0,0.0,0.0,0.0,255.0
Hafnarfjarðarkaupstaður,Fjölbýli,Hafnarsvæði - Óseyrarbraut og Hvaleyrarbraut,Þróunar- og framtíðarsvæði,,,0.0,0.0,200.0,200.0,200.0,100.0,0.0,0.0,0.0,0.0,0.0,700.0
Hafnarfjarðarkaupstaður,Fjölbýli,"Hamranes Þróunarreitir - 1 vestursvæði, reitur 4A, Grænanes",Byggingarhæf lóð,,,38.0,52.0,0.0,0.0,0.0,0.0,0.0,0.0,0.0,0.0,0.0,90.0
Hafnarfjarðarkaupstaður,Fjölbýli,"Hamranes Þróunarreitir - 1 vestursvæði, reitur 8A, Vilhjálmur",Byggingarhæf lóð,,,35.0,0.0,0.0,0.0,0.0,0.0,0.0,0.0,0.0,0.0,0.0,35.0
Hafnarfjarðarkaupstaður,Fjölbýli,"Hamranes, Bjarg",Byggingarhæf lóð,,,0.0,0.0,0.0,0.0,0.0,0.0,0.0,0.0,0.0,0.0,0.0,0.0
Hafnarfjarðarkaupstaður,Fjölbýli,Skarðshlíð,Byggingarhæf lóð,,,15.0,13.0,0.0,0.0,0.0,0.0,0.0,0.0,0.0,0.0,0.0,28.0
Hafnarfjarðarkaupstaður,Fjölbýli,Vatnshlíð,Þróunar- og framtíðarsvæði,,,0.0,0.0,0.0,0.0,75.0,105.0,100.0,100.0,75.0,0.0,0.0,455.0
Hafnarfjarðarkaupstaður,Fjölbýli,Ásvellir 3,Byggingarhæf lóð,,,110.0,0.0,0.0,0.0,0.0,0.0,0.0,0.0,0.0,0.0,0.0,110.0
Hafnarfjarðarkaupstaður,Parhús/raðhús/tvíbýli,Stekkjarberg 9,Byggingarhæf lóð,,,0.0,0.0,0.0,0.0,0.0,0.0,0.0,0.0,0.0,0.0,0.0,0.0
Hafnarfjarðarkaupstaður,Einbýli,"Hlíðarbraut, einbýli",Byggingarhæf lóð,,,2.0,0.0,0.0,0.0,0.0,0.0,0.0,0.0,0.0,0.0,0.0,2.0
Hafnarfjarðarkaupstaður,Fjölbýli,"Hraun-Vestur, Trönuhraun o.fl.",Þróunar- og framtíðarsvæði,,,0.0,0.0,50.0,125.0,50.0,0.0,0.0,0.0,0.0,0.0,0.0,225.0
Hafnarfjarðarkaupstaður,Fjölbýli,Lækjargata 2,Byggingarhæf lóð,,,0.0,0.0,0.0,0.0,0.0,0.0,0.0,0.0,0.0,0.0,0.0,0.0
Hafnarfjarðarkaupstaður,Fjölbýli,Miðbær Strandgata - Linnetsstígur,Byggingarhæf lóð,,,0.0,23.0,0.0,0.0,0.0,0.0,0.0,0.0,0.0,0.0,0.0,23.0
Hafnarfjarðarkaupstaður,Fjölbýli,Selhraun suður,Byggingarhæf lóð,,,100.0,33.0,0.0,0.0,0.0,0.0,0.0,0.0,0.0,0.0,0.0,133.0
Hafnarfjarðarkaupstaður,Fjölbýli,"Hamranes Þróunarreitir - 3 áfangi, reitur 28 B, Dverghamrar",Byggingarhæf lóð,,,23.0,0.0,0.0,0.0,0.0,0.0,0.0,0.0,0.0,0.0,0.0,23.0
Mosfellsbær,Parhús/raðhús/tvíbýli,Helgafellshverfi 5. áfangi,Byggingarhæf lóð,,,37.0,20.0,0.0,0.0,0.0,0.0,0.0,0.0,0.0,0.0,0.0,57.0
Mosfellsbær,Fjölbýli,Helgafellshverfi 5. áfangi,Byggingarhæf lóð,,,72.0,0.0,0.0,0.0,0.0,0.0,0.0,0.0,0.0,0.0,0.0,72.0
Mosfellsbær,Einbýli,Helgafellshverfi 5. áfangi,Byggingarhæf lóð,,,0.0,30.0,0.0,0.0,0.0,0.0,0.0,0.0,0.0,0.0,0.0,30.0
Mosfellsbær,Einbýli,Helgafellshverfi 6. áfangi,Þróunar- og framtíðarsvæði,,,0.0,0.0,0.0,40.0,0.0,0.0,0.0,0.0,0.0,0.0,0.0,40.0
Mosfellsbær,Parhús/raðhús/tvíbýli,Helgafellshverfi 6. áfangi,Þróunar- og framtíðarsvæði,,,0.0,0.0,0.0,50.0,0.0,0.0,0.0,0.0,0.0,0.0,0.0,50.0
Mosfellsbær,Einbýli,Hamraborg - Langitangi,Byggingarhæf lóð,,,0.0,5.0,0.0,0.0,0.0,0.0,0.0,0.0,0.0,0.0,0.0,5.0
Mosfellsbær,Fjölbýli,Hamraborg - Langitangi 9-13,Byggingarhæf lóð,,,0.0,44.0,0.0,0.0,0.0,0.0,0.0,0.0,0.0,0.0,0.0,44.0
Mosfellsbær,Einbýli,Fossatunga,Byggingarhæf lóð,,,2.0,0.0,0.0,0.0,0.0,0.0,0.0,0.0,0.0,0.0,0.0,2.0
Mosfellsbær,Parhús/raðhús/tvíbýli,Hamraborg - Langitangi,Byggingarhæf lóð,,,18.0,0.0,0.0,0.0,0.0,0.0,0.0,0.0,0.0,0.0,0.0,18.0
Seltjarnarnesbær,Parhús/raðhús/tvíbýli,Þétting byggðar,Þróunar- og framtíðarsvæði,Hér og þar í bænum,,0.0,2.0,2.0,2.0,2.0,2.0,0.0,2.0,2.0,0.0,4.0,18.0
Seltjarnarnesbær,Einbýli,Þétting/lausar lóðir,Byggingarhæf lóð í biðstöðu,Hér og þar í bænum,,1.0,1.0,1.0,1.0,1.0,1.0,1.0,0.0,1.0,1.0,0.0,9.0
Seltjarnarnesbær,Fjölbýli,Byggarðar,Samþykkt deiliskipulag,,,27.0,24.0,19.0,10.0,6.0,5.0,4.0,3.0,0.0,0.0,0.0,98.0
